feature,coefficient
numeric__study_hours,3.2810854151750797
numeric__previous_exam_marks,1.7096265117679872
numeric__practice_test_score,1.2897532475128501
numeric__assignment_marks,0.9895944131362364
numeric__internal_marks,0.921815234546711
numeric__sleep_hours,0.7411398897405028
categorical__internet_quality_Poor,-0.73892011030983
categorical__internet_quality_Good,0.7350388948522322
numeric__attendance_percentage,0.67527981449321
categorical__study_environment_Library,0.46287977041906697
categorical__study_environment_Hostel,-0.25733281683341086
categorical__study_environment_Home,-0.18026842974740542
categorical__study_environment_Cafeteria,-0.025278523838251882
categorical__internet_quality_Average,0.0038812154575980085
