student_id,study_hours,attendance_percentage,previous_exam_marks,assignment_marks,internal_marks,practice_test_score,sleep_hours,study_environment,internet_quality,final_exam_marks
ST1001,5.72,74.39,67.29,66.65,63.69,72.54,7.03,Cafeteria,Average,47.82
ST1002,3.43,72.25,82.72,83.76,82.8,81.53,7.6,Library,Average,50.27
ST1003,6.48,85.1,84.44,75.37,66.63,72.83,6.98,Library,Good,53.39
ST1004,6.8,85.41,49.52,63.63,82.15,100.0,8.07,Hostel,Average,52.55
ST1005,1.88,93.59,63.94,61.61,74.72,89.02,6.49,Home,Good,43.56
ST1006,2.99,91.9,85.66,52.23,66.23,64.69,5.54,Library,Good,44.45
ST1007,5.42,80.81,74.61,75.49,75.28,64.55,9.17,Library,Average,52.09
ST1008,4.66,70.8,70.54,67.74,73.52,75.58,6.33,Hostel,Good,47.14
ST1009,5.17,79.13,65.17,43.53,81.23,57.27,6.37,Hostel,Average,45.23
ST1010,3.75,83.96,63.01,65.57,63.97,85.33,6.93,Library,Average,46.38
ST1011,6.69,80.18,71.75,61.19,70.45,74.06,7.07,Home,Good,51.65
ST1012,,76.8,64.72,90.91,69.32,72.59,6.57,Home,Poor,49.11
ST1013,5.31,84.28,67.45,51.57,77.75,78.62,6.98,Cafeteria,Good,50.47
ST1014,7.12,77.46,69.02,54.7,58.72,93.12,6.96,Cafeteria,Good,51.67
ST1015,5.99,76.35,59.19,85.32,81.19,71.39,7.19,Cafeteria,Average,50.15
ST1016,3.74,84.8,74.92,88.28,75.13,67.42,4.41,Home,Good,46.33
ST1017,5.83,78.38,98.0,63.06,55.51,90.12,9.07,Home,Average,53.59
ST1018,3.57,84.2,44.9,64.41,83.29,82.55,6.84,Hostel,Good,45.58
ST1019,6.69,84.46,72.21,79.39,94.58,64.51,7.64,Hostel,Poor,55.0
ST1020,5.12,71.75,58.12,44.07,81.02,69.07,5.48,Home,Average,43.81
ST1021,4.89,77.67,75.51,49.67,85.7,71.74,6.48,Library,Average,48.22
ST1022,4.04,94.94,68.61,68.63,70.94,74.07,6.26,Home,Good,47.63
ST1023,7.28,71.54,77.9,90.6,51.72,50.01,8.62,Library,Average,52.7
ST1024,4.94,62.95,83.28,66.77,49.71,47.41,6.36,Home,Good,43.93
ST1025,4.47,65.24,70.5,73.21,72.81,56.58,7.83,Home,Average,45.7
ST1026,4.6,82.26,82.72,85.61,63.49,55.49,6.28,Home,Average,47.06
ST1027,6.1,82.28,37.52,97.28,59.94,59.99,6.5,Hostel,Average,45.82
ST1028,5.82,80.94,88.68,65.08,69.31,77.89,6.73,Hostel,Poor,51.27
ST1029,5.9,92.93,72.88,71.8,76.77,66.63,8.41,Cafeteria,Good,53.22
ST1030,5.93,57.94,82.01,93.86,54.02,71.75,4.92,Library,Average,48.91
ST1031,8.84,85.56,52.14,53.73,65.06,51.86,5.55,Home,Good,50.08
ST1032,4.51,96.05,57.2,84.33,86.61,62.54,4.86,Home,Good,46.3
ST1033,4.33,71.85,69.9,59.78,58.17,77.22,5.8,Library,Average,43.91
ST1034,3.82,78.58,67.78,73.23,79.57,77.33,6.11,Home,Good,46.11
ST1035,6.25,75.22,71.68,69.09,64.67,58.86,5.22,Hostel,Good,46.73
ST1036,7.12,73.95,82.1,60.5,76.0,71.26,6.19,Hostel,Good,53.85
ST1037,5.01,79.06,45.05,60.2,82.07,99.78,4.78,Hostel,Average,44.64
ST1038,3.77,94.85,80.66,75.32,78.15,68.75,5.88,Home,Good,47.86
ST1039,3.8,98.54,68.11,83.95,80.0,59.3,8.32,Library,Good,50.94
ST1040,6.31,78.98,65.35,70.44,57.33,66.57,7.44,Home,Average,47.71
ST1041,6.46,99.15,48.88,72.84,82.25,70.29,7.21,Home,Good,50.88
ST1042,6.12,82.32,74.54,78.85,60.62,66.88,5.9,Library,Average,49.24
ST1043,4.07,97.78,36.62,60.34,72.85,68.56,5.31,Library,Good,43.1
ST1044,5.59,81.16,76.43,80.88,72.84,48.79,5.75,Library,Good,50.4
ST1045,5.4,83.18,48.6,81.83,75.34,55.52,6.95,Home,Good,47.15
ST1046,5.57,85.29,68.69,100.0,73.71,66.91,7.95,Cafeteria,Good,53.12
ST1047,6.68,100.0,66.45,67.49,60.72,66.69,7.99,Cafeteria,Good,51.83
ST1048,5.58,89.66,83.2,66.5,55.15,61.07,7.69,Library,Good,50.21
ST1049,6.35,75.63,65.68,81.23,79.6,66.52,6.19,Hostel,Average,49.38
ST1050,5.31,90.72,58.98,81.83,72.04,69.85,7.03,Home,Average,49.81
ST1051,5.69,78.74,61.41,65.58,82.64,81.45,6.65,Hostel,Average,49.93
ST1052,6.27,77.59,84.55,67.16,69.51,67.61,6.78,Hostel,Poor,49.79
ST1053,2.72,90.18,74.97,78.49,54.54,74.59,9.24,Hostel,Good,46.36
ST1054,4.66,82.28,62.99,62.07,80.63,61.42,5.06,Hostel,Good,44.69
ST1055,4.4,84.51,64.93,67.07,65.93,77.01,6.74,Library,Average,45.62
ST1056,4.11,82.13,47.63,73.08,73.76,74.26,8.33,Hostel,Average,44.97
ST1057,4.73,85.03,73.05,83.95,62.88,81.12,5.39,Library,Good,49.3
ST1058,7.74,85.82,45.12,64.74,88.09,78.99,6.29,Home,Average,50.55
ST1059,3.73,64.57,77.77,49.89,60.36,77.24,6.42,Home,Good,41.97
ST1060,6.85,88.0,69.67,49.0,66.29,67.62,6.75,Hostel,Good,48.4
ST1061,2.34,73.16,98.0,56.89,71.18,72.43,5.24,Library,Average,44.18
ST1062,4.63,69.02,53.7,56.24,57.99,83.89,7.65,Library,Average,44.14
ST1063,5.48,81.47,66.67,70.14,73.64,59.87,7.73,Hostel,Average,47.17
ST1064,6.2,82.76,91.38,57.73,87.73,60.2,7.56,Library,Poor,53.85
ST1065,6.41,75.76,83.49,63.57,64.6,71.54,6.04,Home,Average,50.2
ST1066,6.55,89.48,58.95,62.71,74.35,74.81,7.1,Home,Poor,49.93
ST1067,4.61,69.92,70.91,66.71,39.76,57.46,6.01,Library,Poor,41.47
ST1068,4.41,78.34,68.03,87.87,69.57,67.95,6.63,Hostel,Average,46.18
ST1069,6.66,76.74,71.67,79.94,66.56,67.68,9.37,Library,Average,53.61
ST1070,4.87,81.58,58.92,72.19,61.0,37.99,7.11,Library,Good,42.82
ST1071,3.03,84.51,66.84,66.47,81.9,65.93,5.69,Library,Poor,43.85
ST1072,3.27,72.93,47.23,66.8,66.41,66.8,7.2,Library,Good,40.51
ST1073,3.64,,69.76,75.93,68.05,66.76,5.51,Hostel,Average,45.34
ST1074,6.05,82.57,73.85,79.01,65.85,88.82,5.68,Home,Poor,50.4
ST1075,5.44,64.97,65.04,61.11,48.92,51.98,5.85,Hostel,Poor,42.07
ST1076,6.37,64.37,47.0,72.44,57.55,57.46,6.51,Library,Good,44.13
ST1077,4.47,81.89,80.85,47.62,80.57,32.43,8.03,Home,Average,43.9
ST1078,5.47,80.01,72.74,74.54,46.79,62.27,7.64,Library,Average,48.09
ST1079,6.26,81.07,58.56,81.15,61.57,63.46,7.58,Library,Poor,49.84
ST1080,4.67,81.75,64.35,68.64,65.6,61.86,5.79,Library,Good,47.4
ST1081,5.98,84.03,48.49,93.8,89.18,84.51,6.4,Hostel,Average,51.38
ST1082,4.07,90.53,54.67,61.43,78.45,81.05,7.3,Home,Average,47.45
ST1083,4.58,72.0,61.01,74.61,63.87,70.09,6.31,Home,Good,44.68
ST1084,4.55,71.45,83.97,71.57,84.35,63.81,6.69,Home,Average,49.61
ST1085,3.17,72.16,59.69,70.8,61.85,83.37,7.49,Home,Average,41.92
ST1086,6.03,84.6,76.32,70.63,81.1,68.72,6.62,Library,Good,53.33
ST1087,4.4,93.2,61.0,73.29,55.05,57.54,7.25,Hostel,Average,41.78
ST1088,5.22,78.12,71.22,82.18,81.81,44.97,8.75,Library,Poor,48.07
ST1089,6.02,59.48,66.16,88.53,65.53,62.82,6.81,Home,Average,48.31
ST1090,5.96,66.66,79.35,71.97,58.69,79.57,8.3,Home,Poor,48.6
ST1091,6.33,74.5,61.05,81.78,67.61,100.0,7.62,Home,Good,53.42
ST1092,5.03,76.98,47.56,63.58,73.05,69.86,5.39,Library,Good,45.48
ST1093,4.48,78.32,50.03,81.19,64.56,58.29,5.79,Home,Good,42.45
ST1094,5.06,82.35,61.09,62.86,76.09,52.41,6.08,Library,Average,44.35
ST1095,2.33,79.19,51.76,85.09,63.59,76.73,6.06,Hostel,Good,40.61
ST1096,2.74,91.44,73.33,98.53,76.82,44.3,6.9,Library,Good,45.5
ST1097,2.95,75.92,61.95,70.53,74.86,76.7,7.68,Home,Poor,42.9
ST1098,3.5,74.24,98.0,45.69,69.33,80.45,8.38,Home,Good,48.52
ST1099,5.88,86.31,45.41,65.42,65.14,75.11,7.34,Library,Good,47.54
ST1100,3.66,68.18,70.65,86.78,71.67,65.92,6.51,Library,Good,48.13
ST1101,4.56,85.51,53.34,78.64,76.05,76.91,4.71,Home,Average,44.43
ST1102,7.41,82.92,61.59,74.99,92.68,71.39,7.08,Hostel,Average,55.26
ST1103,4.59,80.67,69.84,84.1,80.33,58.11,7.03,Library,Good,48.29
ST1104,6.45,96.29,37.77,77.81,80.74,94.91,7.2,Library,Good,52.77
ST1105,3.61,76.4,71.08,86.61,100.0,64.08,9.32,Home,Average,50.86
ST1106,4.85,100.0,92.74,83.03,75.68,79.86,8.36,Home,Poor,55.45
ST1107,3.58,79.97,62.11,90.26,75.33,35.14,7.86,Home,Good,43.52
ST1108,4.62,70.51,71.38,76.31,77.74,86.87,5.94,Home,Average,48.81
ST1109,6.63,82.63,81.32,82.86,58.9,89.56,6.44,Library,Average,55.1
ST1110,2.26,72.31,65.87,68.31,65.12,69.42,6.9,Library,Good,41.4
ST1111,5.94,75.23,60.45,64.78,64.43,76.82,6.15,Hostel,Poor,46.79
ST1112,5.6,85.57,38.42,92.48,77.12,76.82,7.55,Cafeteria,Poor,49.44
ST1113,4.19,87.0,76.33,74.59,68.08,60.0,7.39,Home,Poor,46.63
ST1114,2.74,76.4,66.53,81.66,71.52,76.66,5.8,Home,Good,44.46
ST1115,5.32,90.89,54.84,73.48,81.96,57.68,8.32,Hostel,Average,48.68
ST1116,4.3,92.42,69.65,64.96,79.49,60.48,7.11,Cafeteria,Good,45.89
ST1117,5.6,94.93,60.41,72.13,68.22,84.78,5.1,Hostel,Good,49.63
ST1118,5.24,86.76,61.13,89.23,62.63,82.65,6.94,Home,Good,48.92
ST1119,7.92,94.27,75.88,78.66,82.49,59.11,7.31,Home,Average,55.49
ST1120,4.79,65.07,50.6,51.46,78.51,58.73,8.07,Home,Average,44.56
ST1121,3.46,79.14,81.62,69.42,52.33,59.96,6.63,Hostel,Average,42.98
ST1122,5.5,74.2,49.83,93.39,66.56,79.26,7.91,Library,Good,49.22
ST1123,5.57,83.07,59.38,69.43,71.82,55.0,7.21,Library,Good,49.04
ST1124,7.51,76.86,93.0,50.39,78.57,73.99,5.55,Library,Good,54.48
ST1125,6.62,80.5,82.66,94.72,80.01,79.46,5.44,Home,Average,54.63
ST1126,5.81,98.94,69.27,80.19,73.12,67.76,8.23,Library,Average,54.17
ST1127,7.69,80.47,55.77,71.16,76.44,83.14,8.32,Home,Good,54.32
ST1128,3.18,85.72,61.12,67.54,70.71,64.74,7.36,Library,Average,42.17
ST1129,4.11,79.91,68.95,84.99,62.59,66.01,8.65,Hostel,Good,48.11
ST1130,3.62,82.68,68.49,65.5,67.13,55.32,8.16,Library,Average,44.17
ST1131,4.54,82.05,66.82,85.78,70.21,83.24,7.75,Home,Good,51.46
ST1132,2.86,86.03,67.6,78.51,69.62,58.27,6.0,Hostel,Good,42.44
ST1133,6.28,92.49,65.21,74.94,49.26,73.9,8.9,Library,Average,52.35
ST1134,4.82,96.83,49.25,73.75,65.63,68.0,7.59,Home,Average,47.46
ST1135,2.7,84.79,61.29,69.9,70.62,54.26,6.58,Home,Good,40.39
ST1136,3.47,87.31,79.89,84.55,66.9,60.47,6.26,Library,Average,46.62
ST1137,5.73,71.64,50.21,61.62,67.28,88.36,7.28,Home,Average,47.0
ST1138,6.62,81.21,65.54,52.54,75.37,71.82,5.16,Home,Average,47.36
ST1139,8.59,90.46,57.34,79.37,58.13,54.87,7.77,Home,Average,52.72
ST1140,10.0,89.79,69.45,79.57,52.09,73.27,5.95,Home,Good,57.12
ST1141,5.9,83.9,62.95,77.76,66.17,66.95,7.41,Library,Average,49.55
ST1142,3.52,89.98,87.21,76.89,78.41,100.0,6.43,Library,Average,52.14
ST1143,1.58,86.42,74.59,68.15,88.56,72.99,6.71,Home,Good,44.19
ST1144,5.66,92.8,50.95,81.45,78.6,63.67,6.17,Library,Poor,48.11
ST1145,3.82,84.6,76.73,71.45,53.85,88.88,6.82,Home,Average,46.08
ST1146,4.49,78.8,57.93,,67.44,43.23,9.08,Home,Good,43.42
ST1147,4.16,85.02,60.5,68.26,72.82,70.32,8.52,Home,Good,46.66
ST1148,4.96,55.62,72.08,96.25,71.95,96.92,7.39,Hostel,Good,51.53
ST1149,7.01,85.45,61.61,51.18,75.93,67.37,6.97,Cafeteria,Good,49.72
ST1150,5.47,50.0,79.61,78.0,59.91,44.73,7.93,Library,Average,46.89
ST1151,4.93,66.49,57.93,51.85,70.71,63.46,8.24,Home,Average,41.89
ST1152,3.44,86.07,59.95,70.7,74.62,89.36,6.09,Home,Good,45.08
ST1153,2.35,86.3,59.47,66.8,79.08,74.26,6.91,Home,Good,42.64
ST1154,4.37,71.54,60.65,46.98,61.14,57.26,5.0,Hostel,Good,39.17
ST1155,5.11,75.59,82.29,76.67,66.2,59.41,8.24,Home,Average,50.72
ST1156,8.21,94.33,76.17,67.44,40.26,61.16,9.27,Cafeteria,Average,53.52
ST1157,5.42,77.64,90.23,46.81,63.16,74.06,7.09,Library,Poor,49.22
ST1158,6.87,100.0,97.48,82.07,64.23,87.73,4.66,Library,Good,57.81
ST1159,4.35,81.98,54.6,89.22,58.78,83.73,7.67,Hostel,Good,47.19
ST1160,3.19,85.67,68.92,89.88,71.82,75.38,6.01,Home,Average,44.6
ST1161,3.56,96.55,52.71,76.31,69.38,50.36,6.27,Hostel,Average,41.62
ST1162,3.97,83.18,57.89,72.55,45.15,50.41,7.69,Home,Average,39.9
ST1163,8.82,72.98,59.81,87.94,72.37,76.47,7.28,Hostel,Average,55.26
ST1164,3.8,81.01,54.26,92.19,59.79,50.16,6.46,Library,Good,40.94
ST1165,6.63,81.68,54.33,85.6,75.34,65.84,6.29,Home,Good,49.16
ST1166,3.67,69.72,66.12,60.7,55.9,73.26,7.14,Hostel,Average,43.47
ST1167,6.78,79.7,52.18,74.42,70.33,53.07,6.55,Home,Good,48.66
ST1168,5.85,75.32,78.95,77.27,66.89,54.66,5.78,Home,Good,50.13
ST1169,4.93,90.32,56.07,50.28,73.33,67.68,6.63,Hostel,Average,45.88
ST1170,5.13,82.31,98.0,77.63,71.37,76.05,7.37,Library,Average,54.73
ST1171,4.09,79.45,62.13,99.28,67.19,83.86,6.8,Hostel,Average,47.39
ST1172,5.96,81.04,68.94,79.68,53.1,77.5,5.45,Library,Average,48.09
ST1173,4.43,84.01,51.16,89.68,53.75,70.03,8.09,Library,Average,47.03
ST1174,3.12,87.55,90.18,74.19,63.58,58.55,4.0,Home,Good,44.53
ST1175,3.03,73.0,82.55,71.12,69.91,54.01,6.51,Home,Average,45.6
ST1176,5.49,72.63,71.86,76.58,63.31,61.85,6.32,Cafeteria,Average,46.59
ST1177,7.88,91.94,50.49,62.21,76.88,74.74,7.16,Home,Good,54.51
ST1178,5.47,78.29,70.74,60.43,66.93,73.71,7.62,Library,Average,48.85
ST1179,5.0,69.25,53.42,87.2,59.38,39.6,8.24,Home,Good,45.06
ST1180,5.69,85.99,87.01,88.47,66.94,58.0,6.22,Home,Good,53.49
ST1181,7.42,86.17,78.52,60.11,72.48,85.86,7.65,Library,Good,55.64
ST1182,5.57,68.22,69.24,83.62,73.57,70.11,7.22,Hostel,Good,49.45
ST1183,4.5,84.07,36.33,70.96,90.66,49.16,5.12,Hostel,Good,40.8
ST1184,7.08,88.62,55.22,76.08,62.64,100.0,9.09,Hostel,Good,53.58
ST1185,5.93,85.37,76.94,77.52,69.19,68.59,5.42,Home,Average,50.64
ST1186,7.81,87.69,83.77,83.93,74.69,74.38,7.46,Library,Average,58.31
ST1187,5.51,69.36,82.42,72.99,69.74,74.59,7.43,Home,Average,50.37
ST1188,3.12,84.98,47.3,88.92,64.49,63.85,7.3,Hostel,Average,42.38
ST1189,2.87,79.28,71.92,75.71,52.96,58.81,6.46,Home,Average,39.33
ST1190,8.01,77.65,81.2,79.49,64.38,98.7,7.91,Library,Average,60.28
ST1191,8.13,89.84,46.44,62.0,58.19,83.04,5.28,Home,Average,49.17
ST1192,4.89,95.31,67.9,97.9,51.01,80.51,6.93,Hostel,Poor,49.4
ST1193,4.55,98.15,71.56,77.64,61.25,77.07,6.38,Hostel,Average,48.78
ST1194,7.68,93.83,64.09,80.56,58.48,54.95,6.25,Hostel,Good,52.95
ST1195,3.32,81.01,43.92,52.7,76.42,86.89,7.47,Home,Good,42.38
ST1196,3.68,85.17,63.77,62.13,76.61,57.2,8.19,Cafeteria,Good,42.66
ST1197,6.29,88.9,63.75,86.85,60.06,72.97,6.62,Home,Average,50.37
ST1198,4.53,83.09,66.08,75.44,67.14,46.05,7.86,Home,Good,45.77
ST1199,5.19,83.18,60.67,49.03,49.56,40.43,7.05,Home,Good,40.44
ST1200,4.92,89.41,62.24,84.46,64.56,73.46,6.02,Home,Poor,46.8
ST1201,5.77,81.47,67.48,65.47,74.39,57.67,6.72,Library,Good,48.74
ST1202,7.59,75.44,73.75,88.94,79.07,41.15,6.67,Home,Poor,50.32
ST1203,5.35,78.27,64.04,70.95,62.16,76.57,6.23,Home,Good,48.06
ST1204,6.29,87.71,62.67,74.46,81.57,98.68,7.47,Library,Good,54.87
ST1205,1.71,82.03,69.2,86.15,53.33,88.45,7.26,Hostel,Average,42.35
ST1206,5.12,85.06,43.03,61.23,56.28,65.4,5.25,Library,Good,42.11
ST1207,3.77,88.03,74.2,60.09,77.81,69.12,5.18,Library,Average,46.94
ST1208,3.13,78.63,67.99,69.64,88.38,81.43,7.47,Home,Poor,45.71
ST1209,3.71,88.81,68.52,81.93,75.43,84.71,6.1,Hostel,Poor,46.97
ST1210,4.63,85.41,80.49,56.03,69.56,64.19,7.33,Home,Poor,46.03
ST1211,6.76,70.89,42.61,51.98,45.85,69.48,7.86,Home,Poor,43.37
ST1212,2.95,94.98,42.34,81.88,47.75,73.21,,Home,Good,41.18
ST1213,5.25,77.49,71.56,64.76,71.42,76.75,5.45,Library,Average,48.83
ST1214,4.38,67.1,67.91,67.29,66.06,67.14,8.84,Home,Average,46.17
ST1215,4.64,72.59,70.21,49.72,57.84,67.32,7.39,Library,Good,45.78
ST1216,6.9,72.81,61.99,63.85,70.72,88.32,6.54,Home,Poor,48.53
ST1217,6.11,82.47,76.64,71.91,71.27,85.93,5.97,Library,Average,51.78
ST1218,7.47,79.54,80.12,83.16,80.39,75.68,6.44,Library,Good,57.13
ST1219,4.94,78.97,74.29,62.75,71.5,93.07,5.69,Home,Good,48.57
ST1220,4.02,87.58,64.61,91.89,83.51,63.59,7.97,Home,Average,47.4
ST1221,4.82,85.06,40.6,63.79,70.09,91.72,6.15,Library,Poor,42.86
ST1222,5.61,84.84,78.0,63.8,68.73,76.6,8.2,Library,Good,51.14
ST1223,5.5,85.69,83.88,90.45,81.71,100.0,6.56,Home,Good,56.21
ST1224,3.36,87.55,76.38,74.54,59.24,52.31,5.85,Library,Average,43.57
ST1225,5.35,63.03,56.56,65.38,100.0,59.35,6.53,Home,Average,45.47
ST1226,5.59,78.72,76.76,70.14,74.13,74.86,4.11,Home,Poor,47.77
ST1227,9.48,62.38,79.19,88.24,74.19,74.56,6.87,Home,Good,58.63
ST1228,8.39,82.32,88.26,89.59,75.78,96.3,6.81,Library,Good,63.66
ST1229,3.75,81.96,56.61,62.2,90.65,59.64,7.91,Home,Good,44.82
ST1230,4.71,91.41,65.06,71.49,78.72,81.67,4.93,Library,Average,49.22
ST1231,2.71,92.69,77.71,73.08,52.34,85.27,8.28,Home,Good,46.72
ST1232,4.2,83.82,68.75,60.17,85.44,78.87,7.9,Hostel,Good,47.31
ST1233,5.74,77.5,53.47,71.33,66.25,55.55,8.38,Home,Average,45.89
ST1234,7.25,86.37,73.39,72.06,71.18,88.71,6.94,Library,Good,55.06
ST1235,3.96,77.25,75.52,85.68,55.93,86.21,8.12,Hostel,Average,48.1
ST1236,4.09,81.99,69.14,86.49,75.79,77.39,5.38,Home,Average,46.44
ST1237,1.55,90.88,70.85,68.05,62.83,71.86,7.78,Home,Good,42.59
ST1238,4.92,76.98,64.64,69.43,71.1,72.17,6.15,Library,Average,45.69
ST1239,3.39,89.25,87.22,79.97,66.87,67.9,5.18,Cafeteria,Good,47.13
ST1240,4.3,88.1,56.29,64.98,91.18,77.97,5.76,Cafeteria,Average,46.81
ST1241,3.71,73.41,60.36,79.06,91.8,69.44,7.01,Home,Average,46.74
ST1242,5.04,90.77,68.14,70.95,70.51,57.12,6.09,Hostel,Average,45.73
ST1243,2.21,88.29,79.43,60.37,70.7,54.32,7.41,Home,Average,42.1
ST1244,2.71,82.92,48.53,60.52,65.89,58.47,5.01,Home,Average,37.08
ST1245,8.82,75.14,50.97,89.36,82.17,72.11,4.66,Library,Good,56.42
ST1246,3.01,74.27,41.51,70.12,66.38,68.62,8.51,Library,Average,39.43
ST1247,3.34,77.16,68.43,91.68,65.37,72.01,7.99,Library,Average,46.01
ST1248,8.32,86.88,53.46,65.84,80.76,76.01,5.85,Hostel,Good,56.09
ST1249,10.0,73.4,63.0,75.49,64.08,60.22,7.0,Home,Poor,53.99
ST1250,3.21,85.94,76.6,100.0,69.58,89.52,8.12,Library,Good,49.86
ST1251,4.57,70.82,59.66,59.31,52.61,65.25,7.46,Home,Average,41.56
ST1252,5.78,80.16,71.01,49.23,77.75,62.93,7.16,Home,Average,44.98
ST1253,8.14,82.99,64.11,87.44,91.35,75.75,8.2,Home,Good,58.59
ST1254,3.52,100.0,76.74,62.08,77.93,43.29,6.2,Cafeteria,Good,45.56
ST1255,4.78,69.6,74.18,71.75,86.08,57.93,7.03,Library,Good,48.09
ST1256,6.52,95.25,59.0,64.97,60.69,82.74,6.98,Home,Average,49.53
ST1257,5.94,83.35,65.81,75.22,72.6,44.68,6.7,Library,Average,49.02
ST1258,4.56,85.7,81.57,60.59,59.63,84.65,6.57,Cafeteria,Good,46.9
ST1259,4.97,83.07,73.11,69.84,67.49,90.16,7.08,Hostel,Good,49.07
ST1260,2.86,86.0,49.84,77.4,78.49,63.83,7.04,Library,Good,43.23
ST1261,4.8,80.62,76.52,59.9,71.12,73.09,5.85,Home,Good,46.75
ST1262,4.75,95.09,53.9,63.6,54.46,84.67,7.88,Library,Good,47.21
ST1263,5.59,77.89,86.36,67.83,55.53,62.46,5.93,Hostel,Average,46.63
ST1264,4.26,92.19,81.31,54.85,54.81,81.15,6.76,Hostel,Good,47.58
ST1265,6.0,76.2,71.77,66.93,75.41,59.6,6.68,Hostel,Average,48.38
ST1266,6.92,81.46,70.04,73.43,92.7,62.31,7.39,Library,Average,54.68
ST1267,5.46,72.35,65.28,67.21,84.99,57.81,4.67,Home,Good,46.58
ST1268,5.8,86.1,76.82,68.74,49.14,73.8,7.98,Library,Average,50.54
ST1269,5.29,95.01,63.18,71.76,85.63,85.21,6.26,Home,Average,49.21
ST1270,5.2,81.3,71.06,64.13,80.3,66.42,8.34,Home,Good,50.31
ST1271,3.97,80.23,79.34,80.29,53.0,51.2,6.47,Library,Good,45.29
ST1272,5.74,71.97,60.7,89.23,66.66,53.84,6.95,Library,Average,47.64
ST1273,5.03,79.94,59.99,66.43,82.05,74.52,9.11,Hostel,Good,50.52
ST1274,8.76,67.66,52.47,77.82,76.05,94.82,6.69,Hostel,Average,54.11
ST1275,7.87,73.78,54.16,69.12,55.6,74.51,8.36,Hostel,Good,52.53
ST1276,5.86,84.04,44.23,76.39,76.72,63.58,7.04,Hostel,Average,48.02
ST1277,3.9,93.87,77.49,90.79,46.49,79.73,7.46,Library,Average,49.72
ST1278,3.31,100.0,91.52,78.1,67.55,65.65,7.08,Home,Average,47.63
ST1279,7.22,76.72,86.53,50.72,82.52,63.7,7.93,Library,Poor,51.55
ST1280,5.65,94.92,46.86,77.45,70.2,55.58,6.25,Home,Average,46.64
ST1281,6.02,84.19,77.42,86.79,64.51,88.72,5.92,Home,Average,52.69
ST1282,2.23,80.64,86.49,69.34,79.78,33.45,6.3,Home,Good,41.38
ST1283,6.78,85.89,62.06,83.95,80.72,80.17,7.11,Hostel,Average,54.54
ST1284,5.97,82.56,69.32,63.72,84.41,62.51,6.76,Hostel,Average,48.61
ST1285,3.31,82.99,41.9,54.17,79.62,63.26,7.78,Cafeteria,Good,40.44
ST1286,4.4,78.33,71.47,73.69,81.9,92.69,8.44,Cafeteria,Good,51.92
ST1287,5.65,69.42,54.17,50.92,78.06,59.0,5.93,Hostel,Good,42.99
ST1288,5.29,68.11,70.6,69.12,72.92,59.48,6.19,Home,Average,45.92
ST1289,4.7,87.88,47.7,87.44,70.98,67.17,5.42,Hostel,Poor,45.1
ST1290,5.02,79.51,75.06,49.08,67.39,74.79,9.23,Hostel,Good,49.08
ST1291,4.77,76.64,81.32,56.65,56.66,62.81,7.34,Hostel,Good,47.55
ST1292,5.46,82.08,57.82,59.62,59.49,46.97,7.53,Home,Poor,43.91
ST1293,7.7,89.15,53.22,71.24,66.9,56.88,5.53,Home,Good,49.56
ST1294,0.84,83.62,39.97,67.61,72.66,86.94,7.0,Hostel,Good,35.56
ST1295,4.8,76.1,64.54,88.79,85.85,70.05,7.56,Home,Good,48.98
ST1296,5.5,93.04,60.44,83.45,69.54,75.32,6.72,Home,Average,50.21
ST1297,5.7,96.21,47.84,77.94,81.04,65.34,8.18,Library,Good,49.12
ST1298,4.57,86.45,73.89,73.75,81.87,59.77,9.54,Home,Average,49.46
ST1299,2.21,90.76,62.15,76.72,67.45,92.49,5.96,Home,Good,44.39
ST1300,5.76,93.18,54.02,61.66,76.54,66.37,5.88,Cafeteria,Average,48.08
ST1301,8.14,92.17,60.79,82.29,67.32,62.79,6.03,Hostel,Average,52.18
ST1302,2.59,87.53,81.93,58.66,84.54,84.35,8.77,Hostel,Poor,46.47
ST1303,6.67,87.39,75.84,82.02,76.99,58.89,8.15,Home,Good,54.05
ST1304,4.64,86.68,66.31,86.23,56.9,60.67,6.85,Home,Good,47.01
ST1305,5.1,72.12,76.05,74.53,71.78,69.14,7.04,Home,Good,48.93
ST1306,3.41,88.31,52.91,69.89,88.13,69.0,6.1,Library,Good,46.21
ST1307,4.63,69.8,68.42,76.8,68.01,72.63,7.98,Home,Good,46.99
ST1308,7.41,74.85,69.92,37.66,74.92,98.28,6.58,Hostel,Good,52.72
ST1309,6.19,93.73,61.89,75.63,76.0,73.71,6.71,Cafeteria,Average,51.29
ST1310,8.14,89.56,73.66,70.64,58.6,35.71,7.67,Library,Good,52.43
ST1311,7.2,95.39,57.85,71.39,75.62,73.57,6.79,Home,Poor,52.24
ST1312,5.95,79.55,74.63,80.48,54.67,69.53,6.74,Home,Average,49.35
ST1313,8.16,71.63,75.17,71.1,63.12,69.61,7.01,Home,Average,54.02
ST1314,5.95,79.84,30.08,58.32,81.83,72.44,7.87,Home,Average,45.13
ST1315,6.61,82.92,83.47,70.3,73.92,68.6,8.81,Library,Good,56.04
ST1316,4.7,82.71,30.0,72.81,66.65,68.26,7.64,Home,Good,42.03
ST1317,5.31,92.2,59.99,73.38,74.91,77.58,7.88,Library,Average,49.9
ST1318,4.01,78.75,81.33,73.94,69.34,61.41,6.78,Hostel,Good,48.22
ST1319,6.88,85.17,63.88,84.47,70.14,55.73,6.22,Home,Average,50.75
ST1320,3.2,73.1,48.94,58.97,77.23,100.0,7.72,Home,Average,42.59
ST1321,6.53,86.05,53.78,74.11,62.0,58.98,7.19,Home,Average,47.71
ST1322,4.88,82.03,81.35,87.48,70.44,70.4,5.44,Home,Average,47.04
ST1323,7.19,75.25,43.02,51.18,66.57,48.06,6.64,Library,,44.19
ST1324,6.48,79.88,82.68,74.16,52.56,70.63,6.91,Hostel,Average,51.8
ST1325,8.3,80.34,67.28,64.98,59.87,55.93,6.44,Hostel,Poor,49.9
ST1326,6.44,79.57,52.5,67.55,87.25,62.81,8.63,Library,Average,50.76
ST1327,2.53,97.94,60.42,61.14,74.23,83.63,7.53,Home,Good,41.62
ST1328,5.09,81.11,54.78,69.97,55.44,75.61,8.51,Home,Poor,44.89
ST1329,3.21,79.8,79.26,94.1,53.06,76.96,7.29,Home,Average,46.79
ST1330,4.32,63.12,77.52,56.83,68.77,44.2,7.09,Home,Average,43.04
ST1331,7.77,73.95,45.65,57.96,87.17,94.72,5.97,Hostel,Average,52.26
ST1332,6.28,79.63,62.75,56.38,67.95,52.31,7.01,Library,Average,46.88
ST1333,4.01,75.83,56.78,92.73,84.38,90.4,7.01,Home,Poor,47.61
ST1334,3.48,94.44,84.82,66.45,73.87,83.3,5.5,Home,Good,47.14
ST1335,5.26,80.52,50.45,71.69,75.18,77.08,6.41,Home,Good,46.74
ST1336,3.13,93.6,88.85,67.17,55.31,57.03,6.64,Hostel,Good,43.85
ST1337,4.06,82.56,67.57,60.67,80.31,71.12,7.45,Home,Good,44.96
ST1338,5.73,82.34,52.89,69.18,66.32,62.41,7.51,Home,Average,45.03
ST1339,7.16,81.2,59.2,100.0,79.49,69.41,6.36,Home,Average,54.63
ST1340,6.23,82.03,57.58,88.7,61.04,65.5,7.52,Hostel,Average,48.79
ST1341,1.3,97.47,51.43,61.76,71.95,40.46,6.8,Library,Average,36.91
ST1342,5.72,61.12,69.23,79.77,73.87,84.7,4.0,Library,Poor,47.62
ST1343,5.32,63.99,52.04,62.02,68.31,67.86,6.47,Home,Average,41.52
ST1344,5.9,77.11,39.66,50.68,74.45,62.21,8.19,Home,Good,45.56
ST1345,7.95,82.13,63.06,84.23,67.07,61.16,5.15,Hostel,Poor,48.57
ST1346,1.69,88.21,44.56,85.92,62.86,74.02,7.12,Home,Poor,38.11
ST1347,4.2,86.26,58.22,84.55,87.66,56.49,8.74,Home,Good,48.12
ST1348,6.2,78.54,56.18,66.36,81.54,37.43,6.16,Library,Average,46.32
ST1349,2.51,91.17,56.67,70.0,61.63,74.7,7.0,Home,Good,41.29
ST1350,7.71,91.27,94.01,81.0,76.25,76.27,5.57,Home,Good,56.72
ST1351,5.83,83.66,68.73,76.7,61.83,66.21,8.79,Hostel,Good,49.77
ST1352,6.64,90.66,71.19,67.28,56.97,52.93,6.91,Library,Average,48.84
ST1353,4.23,84.45,44.91,52.57,81.37,70.25,7.05,Home,Average,41.89
ST1354,6.58,76.95,59.5,73.37,51.25,48.5,8.49,Home,Good,48.29
ST1355,7.02,88.28,70.8,84.95,80.2,54.62,7.73,Library,Good,53.74
ST1356,5.6,83.0,54.68,57.63,67.22,58.49,6.04,Home,Good,44.91
ST1357,5.6,82.01,79.8,79.67,67.67,80.82,6.29,Home,Average,51.34
ST1358,5.66,95.26,52.36,75.98,74.51,63.92,7.54,Library,Poor,49.4
ST1359,3.73,59.94,64.28,81.0,76.39,62.73,6.31,Library,Average,43.95
ST1360,4.95,69.24,60.38,82.46,60.91,96.37,4.67,Cafeteria,Average,47.12
ST1361,4.94,71.32,70.14,63.67,77.89,73.93,6.94,Home,Average,47.13
ST1362,5.85,78.73,59.67,52.6,71.25,73.75,5.37,Home,Good,46.77
ST1363,6.9,79.71,64.48,65.6,56.18,63.82,8.78,Library,Poor,48.28
ST1364,3.4,68.43,64.93,82.67,68.13,60.65,7.19,Library,Good,42.01
ST1365,4.99,73.13,58.45,65.5,85.19,38.39,6.0,Home,Good,44.01
ST1366,7.72,74.25,74.31,63.67,88.44,82.56,6.23,Library,Average,56.04
ST1367,3.94,100.0,71.1,50.14,77.89,75.28,4.92,Home,Average,45.66
ST1368,3.8,98.22,66.85,93.03,56.91,66.49,5.79,Hostel,Good,45.76
ST1369,5.54,78.29,62.4,81.91,75.4,67.08,8.12,Hostel,Average,50.82
ST1370,6.64,78.73,78.36,81.24,79.36,79.31,9.45,Home,Average,55.48
ST1371,5.22,71.66,64.93,83.61,77.98,47.23,7.8,Cafeteria,Good,48.06
ST1372,7.46,64.83,64.01,78.92,78.63,60.74,6.9,Cafeteria,Good,52.28
ST1373,6.66,80.95,69.36,69.07,74.0,53.09,6.52,Home,Good,51.54
ST1374,6.63,73.02,90.06,70.03,69.2,93.8,5.95,Home,Good,54.58
ST1375,6.14,81.24,50.58,66.87,63.31,81.26,9.27,Library,Average,49.16
ST1376,9.16,67.6,78.01,100.0,49.12,38.16,6.79,Home,Good,52.6
ST1377,4.85,75.14,43.39,78.67,73.74,47.81,9.33,Home,Good,46.12
ST1378,1.79,83.34,70.82,66.43,72.05,67.15,8.53,Home,Good,43.33
ST1379,7.93,85.3,88.48,77.59,76.13,62.39,5.09,Cafeteria,Good,56.38
ST1380,4.42,85.76,74.35,59.87,55.29,50.46,6.27,Home,Good,46.74
ST1381,5.38,70.12,70.22,90.05,77.1,96.23,6.26,Hostel,Good,52.65
ST1382,7.43,89.69,60.71,64.07,92.6,73.38,6.91,Home,Average,52.21
ST1383,2.48,74.8,68.4,78.01,70.86,75.65,6.93,Home,Good,43.64
ST1384,3.07,87.7,64.72,84.79,69.32,59.31,10.0,Hostel,Average,44.8
ST1385,2.48,81.9,57.78,76.62,73.4,79.11,5.82,Home,Good,42.22
ST1386,3.85,69.61,64.23,73.13,92.36,63.67,7.25,Home,Good,45.87
ST1387,5.95,79.15,70.58,72.13,58.74,65.03,7.68,Home,Good,48.65
ST1388,6.09,85.29,58.03,71.32,72.24,77.55,7.0,Library,Average,48.93
ST1389,5.67,87.52,57.52,65.08,61.2,46.19,7.12,Home,Average,46.04
ST1390,2.8,80.73,50.32,66.61,63.98,91.36,5.85,Home,Average,41.25
ST1391,1.27,95.79,73.08,89.76,69.45,71.55,7.12,Home,Average,43.28
ST1392,5.29,91.07,75.09,70.7,84.82,86.93,7.56,Home,Average,53.54
ST1393,4.4,79.69,71.01,62.57,89.81,53.94,7.36,Home,Good,47.55
ST1394,5.98,88.75,80.55,65.8,74.93,56.08,7.63,Library,Average,51.9
ST1395,6.39,99.4,69.14,85.2,65.86,52.73,8.55,Home,Good,53.19
ST1396,5.44,99.64,73.1,80.11,97.42,72.5,8.03,Home,Average,54.46
ST1397,6.49,70.95,71.95,78.72,65.3,69.92,7.08,Library,Good,52.58
ST1398,5.59,73.66,66.81,68.91,63.72,62.5,5.71,Library,Good,47.91
ST1399,6.1,95.36,61.1,78.88,50.48,54.8,6.34,Home,Good,47.58
ST1400,4.0,72.48,96.78,64.28,85.36,51.27,6.76,Home,Good,48.13
ST1401,4.89,70.1,62.12,68.88,80.65,68.32,7.28,Home,Good,48.61
ST1402,5.53,77.62,59.34,83.64,96.6,62.48,6.47,Cafeteria,Good,49.6
ST1403,6.59,85.78,73.64,82.49,54.72,59.4,5.97,Home,Good,50.59
ST1404,4.53,81.08,71.27,60.22,86.04,90.66,5.69,Home,Poor,48.19
ST1405,6.09,76.14,49.74,61.73,70.77,67.85,5.18,Home,Average,44.07
ST1406,4.75,75.93,82.59,73.3,78.87,86.78,6.74,Home,Good,50.66
ST1407,5.0,75.59,66.78,92.71,51.87,61.53,5.38,Home,Average,44.8
ST1408,6.61,74.08,53.56,49.01,86.15,72.43,5.9,Home,Average,46.8
ST1409,1.81,100.0,83.45,75.34,78.65,68.22,6.57,Library,Good,45.37
ST1410,3.0,84.68,76.13,55.49,69.57,45.23,5.53,Library,Average,40.61
ST1411,2.68,89.98,51.56,64.39,77.1,89.0,7.42,Library,Good,45.19
ST1412,1.23,77.6,91.1,67.63,61.58,67.11,7.81,Hostel,Good,44.04
ST1413,4.05,80.33,76.56,66.95,63.63,79.45,6.4,Home,Good,47.38
ST1414,6.47,75.58,67.87,65.59,64.9,58.47,6.52,Hostel,Good,45.77
ST1415,4.72,58.13,88.67,72.09,49.62,66.69,7.59,Hostel,Good,47.64
ST1416,5.54,69.6,70.07,65.58,79.48,56.86,6.21,Hostel,Good,46.75
ST1417,7.05,65.7,67.63,54.45,83.11,86.3,6.14,Library,Good,52.99
ST1418,7.46,61.75,59.42,81.36,62.29,73.36,8.32,Home,Poor,50.33
ST1419,5.08,71.24,75.56,81.03,73.83,74.14,7.97,Home,Good,50.51
ST1420,7.5,93.92,74.2,82.12,67.08,,7.66,Home,Good,57.27
ST1421,5.36,81.6,68.19,53.51,73.61,85.19,8.02,Home,Average,49.09
ST1422,3.78,93.62,57.73,75.59,63.1,79.71,4.82,Library,Average,45.9
ST1423,4.19,85.7,69.69,80.11,60.28,49.1,8.49,Home,Good,46.02
ST1424,2.68,89.04,67.09,59.63,81.57,59.26,7.43,Home,Average,43.83
ST1425,3.69,73.89,50.66,72.11,69.3,54.95,8.11,Cafeteria,Good,43.03
ST1426,4.59,86.72,48.87,70.6,92.24,79.19,7.43,Library,Average,49.04
ST1427,6.57,88.56,75.35,94.11,70.51,71.39,7.05,Library,Average,53.17
ST1428,8.13,76.81,34.18,95.09,59.81,49.53,6.7,Home,Good,49.46
ST1429,2.85,87.04,70.67,52.03,83.5,66.36,7.4,Library,Average,44.05
ST1430,5.87,87.1,61.78,100.0,76.94,48.08,6.66,Hostel,Poor,49.49
ST1431,3.43,77.05,85.01,61.02,78.0,68.26,7.95,Library,Good,47.31
ST1432,6.01,71.9,61.58,83.77,83.1,45.82,5.25,Library,Average,46.47
ST1433,4.98,71.34,76.57,83.65,62.82,76.4,6.4,Library,Average,51.17
ST1434,2.09,82.78,62.84,60.05,68.6,74.29,9.25,Home,Good,41.75
ST1435,6.78,84.94,69.48,77.92,68.11,95.71,6.31,Library,Good,56.24
ST1436,4.17,74.87,77.58,70.71,55.8,80.87,6.74,Cafeteria,Good,46.9
ST1437,4.29,82.24,61.99,78.65,67.1,63.08,6.03,Home,Average,43.98
ST1438,3.38,87.13,80.96,74.77,84.7,80.45,7.37,Home,Average,49.13
ST1439,4.09,87.56,55.08,86.36,72.61,49.43,6.19,Home,Good,42.84
ST1440,5.93,95.97,71.83,72.9,55.19,55.53,6.8,Home,Good,48.85
ST1441,4.88,93.49,79.99,69.99,52.89,73.66,7.93,Cafeteria,Poor,47.27
ST1442,5.76,72.99,76.58,85.15,88.31,38.78,6.23,Library,Good,50.1
ST1443,5.82,97.15,92.91,78.96,69.01,68.48,7.87,Home,Average,55.36
ST1444,7.45,77.22,58.08,80.78,62.88,54.72,7.9,Home,Good,50.89
ST1445,4.62,91.4,50.07,64.02,66.99,70.42,8.16,Home,Good,44.2
ST1446,2.69,82.61,55.07,59.46,53.75,53.91,7.15,Home,Good,39.07
ST1447,7.01,78.29,76.59,65.19,85.65,74.94,10.0,Library,Good,57.2
ST1448,4.64,65.73,74.47,64.55,65.68,69.27,8.16,Hostel,Average,45.74
ST1449,7.09,80.46,69.33,81.43,85.04,88.61,7.36,Library,Good,57.98
ST1450,5.85,67.97,53.4,83.71,70.57,69.09,6.04,Home,Average,46.37
ST1451,4.98,90.71,77.97,70.14,85.72,58.24,6.89,Library,Good,50.0
ST1452,5.79,95.65,52.08,89.17,72.82,65.54,8.57,Library,Good,53.58
ST1453,8.52,74.83,83.07,88.42,79.39,50.18,8.88,Home,Poor,56.88
ST1454,8.73,84.72,98.0,74.92,77.91,74.69,8.63,Library,Poor,61.62
ST1455,5.32,75.47,72.76,62.14,76.86,77.26,7.86,Library,Poor,49.21
ST1456,5.47,76.34,75.58,90.9,73.83,100.0,5.62,Hostel,Average,53.83
ST1457,7.03,88.97,61.59,71.27,67.44,60.29,7.54,Home,Average,49.85
ST1458,3.76,81.65,44.47,73.51,91.07,65.25,5.63,Home,Good,41.78
ST1459,5.77,97.66,60.16,67.92,60.02,60.94,5.36,Library,Average,46.23
ST1460,5.16,77.66,53.79,61.32,70.05,71.97,7.26,Home,Good,47.11
ST1461,5.73,90.99,49.19,54.38,70.16,74.34,7.58,Home,Good,47.97
ST1462,3.78,82.88,90.39,79.59,74.43,68.25,7.99,Hostel,Good,50.14
ST1463,2.5,89.16,71.55,62.6,65.28,84.21,7.55,Home,Average,45.43
ST1464,1.68,77.98,72.94,100.0,73.46,60.36,7.58,Library,Good,45.79
ST1465,3.3,81.55,63.98,58.97,68.14,82.81,5.92,Cafeteria,Good,43.27
ST1466,4.42,80.96,65.75,56.91,52.6,76.54,6.88,Library,Good,45.18
ST1467,4.7,74.48,80.54,78.12,70.11,68.83,5.34,Library,Good,49.27
ST1468,8.49,87.96,67.58,90.35,57.89,64.59,4.8,Library,Good,53.93
ST1469,7.08,87.85,74.9,72.78,50.92,100.0,7.81,Home,Average,54.53
ST1470,3.56,87.34,65.45,78.87,71.51,57.56,6.17,Home,Good,44.77
ST1471,5.79,95.83,63.55,49.88,75.37,73.17,7.96,Library,Average,48.35
ST1472,4.51,95.04,49.71,63.87,75.79,58.5,8.22,Home,Good,45.21
ST1473,4.72,78.63,42.29,59.12,76.24,94.0,6.32,Home,Poor,43.56
ST1474,5.52,85.36,64.6,49.26,48.74,81.42,7.65,Home,Poor,46.42
ST1475,6.25,76.39,68.73,73.4,55.03,59.5,6.27,Hostel,Average,45.26
ST1476,4.62,82.21,51.28,45.09,91.71,76.18,4.97,Home,Poor,42.53
ST1477,7.01,76.6,67.55,56.13,58.48,72.61,7.14,Hostel,Good,49.26
ST1478,3.26,96.58,68.7,65.55,76.72,61.77,6.48,Home,Poor,44.55
ST1479,5.21,85.27,39.97,62.02,62.44,79.61,6.52,Library,Good,45.03
ST1480,9.62,80.04,56.1,76.76,70.88,74.45,9.17,Home,Average,58.91
ST1481,5.58,92.74,73.29,75.67,63.03,72.02,5.32,Home,Good,50.2
ST1482,7.64,62.46,73.03,82.73,76.18,68.41,7.42,Library,Average,54.02
ST1483,5.36,63.87,53.0,81.03,71.5,75.03,5.91,Library,Poor,45.98
ST1484,6.19,89.16,70.06,85.69,65.07,72.21,8.0,Home,Poor,51.16
ST1485,5.1,82.54,81.29,71.98,58.45,69.83,7.33,Home,Good,50.24
ST1486,4.91,84.25,78.1,75.64,72.95,60.03,7.42,Home,Good,48.19
ST1487,3.87,70.06,66.76,78.14,56.66,92.71,5.96,Home,Good,44.82
ST1488,5.93,81.79,61.92,73.7,74.7,54.29,6.16,Library,Average,48.47
ST1489,3.75,100.0,59.82,67.23,98.89,74.99,8.02,Home,Average,49.8
ST1490,6.33,89.42,74.08,68.01,84.85,64.52,8.95,Library,Poor,51.37
ST1491,7.04,83.53,70.54,62.19,77.9,93.63,7.53,Home,Average,55.71
ST1492,5.82,78.05,76.18,77.06,69.06,56.35,6.01,Library,Good,49.83
ST1493,4.71,78.45,69.71,70.87,48.67,58.71,7.37,Home,Average,42.38
ST1494,5.97,62.84,78.64,64.04,55.45,55.42,9.67,Library,Good,46.68
ST1495,4.68,84.32,69.23,64.05,84.11,73.53,7.11,Home,Good,47.42
ST1496,6.79,89.61,78.2,57.48,61.31,49.78,8.61,Hostel,Poor,49.6
ST1497,2.09,67.82,79.32,83.75,62.31,62.3,6.19,Library,Average,42.2
ST1498,4.63,76.05,57.54,72.94,68.18,38.87,6.95,Hostel,Average,42.74
ST1499,1.82,71.58,44.49,61.65,58.32,72.37,7.68,Home,Average,35.71
ST1500,2.66,73.31,88.07,81.7,56.51,62.0,7.44,Home,Average,43.1
ST1501,7.52,82.48,71.34,65.27,69.44,48.17,6.16,Home,Good,50.12
ST1502,6.72,63.24,45.71,55.12,,84.2,6.11,Home,Poor,44.42
ST1503,3.98,87.53,58.72,84.25,61.85,50.69,8.09,Library,Good,45.75
ST1504,2.65,88.78,78.03,65.55,61.41,80.16,8.31,Hostel,Good,45.16
ST1505,0.5,79.74,64.36,67.09,75.75,59.19,8.66,Library,Good,40.8
ST1506,4.28,59.67,61.34,72.49,67.45,91.42,8.98,Library,Good,47.64
ST1507,9.31,73.03,86.21,85.71,68.04,79.49,7.15,Home,Average,58.79
ST1508,5.94,93.1,54.39,72.24,76.57,54.89,6.66,Home,Poor,46.19
ST1509,4.25,57.0,57.62,57.61,68.44,56.16,8.49,Hostel,Average,42.44
ST1510,5.99,78.87,70.75,78.53,66.94,77.48,7.78,Home,Good,51.6
ST1511,2.55,71.38,73.08,66.18,75.17,65.33,5.92,Home,Good,41.52
ST1512,4.69,89.24,74.45,94.66,77.35,66.63,5.86,Cafeteria,Average,50.64
ST1513,5.37,75.92,79.85,71.99,68.38,86.81,7.54,Cafeteria,Average,53.22
ST1514,5.05,85.64,70.58,45.18,70.89,58.52,6.8,Library,Average,46.13
ST1515,6.54,87.09,74.36,76.29,61.4,70.28,6.97,Home,Average,52.57
ST1516,5.79,98.53,64.63,95.34,60.53,82.36,8.18,Hostel,Good,54.4
ST1517,6.34,80.17,68.82,90.91,78.46,80.33,7.83,Home,Average,53.29
ST1518,4.03,85.38,69.4,93.97,74.89,66.77,8.46,Home,Average,48.98
ST1519,6.73,68.63,70.8,59.76,75.01,64.96,4.88,Home,Average,46.69
ST1520,7.97,92.71,78.04,82.95,73.09,44.66,7.28,Hostel,Average,54.34
ST1521,3.55,75.16,75.22,63.34,70.51,54.21,7.76,Hostel,Average,43.03
ST1522,3.69,76.95,68.57,74.69,77.66,73.46,5.32,Library,Good,45.95
ST1523,7.47,81.8,57.48,56.72,80.29,67.07,6.28,Home,Average,49.18
ST1524,4.87,67.93,68.88,64.27,80.02,70.05,6.08,Library,Good,47.35
ST1525,7.59,84.06,67.64,63.89,68.89,83.55,7.02,Home,Average,53.7
ST1526,4.45,90.71,70.51,82.78,85.26,52.38,8.79,Hostel,Average,49.15
ST1527,7.67,84.64,96.68,81.61,72.51,65.69,9.22,Home,Poor,56.39
ST1528,5.42,67.7,61.19,75.32,76.96,71.64,6.1,Home,Average,46.15
ST1529,5.64,80.89,73.49,55.79,73.1,59.14,7.58,Library,Poor,46.59
ST1530,7.86,88.68,81.89,68.26,72.72,89.04,7.61,Library,Average,58.64
ST1531,4.58,65.1,69.27,63.05,61.91,81.72,7.43,Hostel,Good,46.75
ST1532,3.6,72.33,98.0,82.44,77.71,73.06,7.44,Home,Good,51.12
ST1533,4.44,89.89,63.09,86.14,100.0,94.12,7.33,Hostel,Good,52.41
ST1534,5.97,84.43,72.21,84.68,65.88,48.02,8.86,Home,Average,50.35
ST1535,2.54,85.71,57.62,62.94,70.78,68.89,8.21,Home,Good,41.87
ST1536,6.28,98.74,63.43,39.13,65.09,74.13,5.83,Library,Good,47.6
ST1537,4.28,86.22,71.24,50.8,64.63,56.2,7.88,Home,Average,44.79
ST1538,7.15,87.92,79.0,89.06,86.99,73.21,7.98,Library,Average,59.14
ST1539,1.13,100.0,72.15,67.18,62.6,53.51,7.35,Home,Average,40.46
ST1540,3.86,80.08,84.37,62.99,64.79,78.67,8.24,Home,Good,47.86
ST1541,2.33,74.82,66.77,91.71,52.54,83.81,7.21,Library,Average,45.09
ST1542,3.8,85.85,63.68,87.18,61.67,72.81,7.22,Home,Average,45.28
ST1543,5.62,85.95,98.0,72.29,51.21,43.06,7.13,Library,Good,51.28
ST1544,4.9,77.26,73.13,68.48,76.95,55.46,4.78,Hostel,Poor,44.09
ST1545,4.77,72.71,58.65,70.41,100.0,76.91,6.91,Home,Good,48.73
ST1546,4.93,100.0,58.97,74.73,65.97,69.3,6.26,Hostel,Good,45.09
ST1547,5.55,84.94,55.75,91.2,51.67,31.28,5.69,Home,Good,43.16
ST1548,3.49,75.41,80.18,77.07,79.9,86.4,8.58,Home,Good,50.29
ST1549,6.4,90.24,63.26,80.71,62.0,70.91,7.55,Home,Average,50.28
ST1550,6.33,81.02,69.66,86.03,84.29,57.53,6.97,Hostel,Good,53.94
ST1551,5.85,79.72,67.17,57.96,66.9,82.93,6.38,Library,Good,48.7
ST1552,6.15,87.06,77.51,81.06,63.05,59.51,7.33,Library,Good,51.81
ST1553,5.7,70.37,56.99,68.47,68.04,59.36,8.09,Cafeteria,Average,45.07
ST1554,8.66,85.17,54.02,41.81,78.34,74.02,6.09,Home,Average,50.59
ST1555,5.05,99.22,70.92,46.46,67.5,93.93,6.99,Hostel,Average,50.13
ST1556,4.68,86.2,75.81,59.78,64.54,91.73,7.95,Library,Average,51.7
ST1557,3.92,78.61,72.32,78.37,67.81,74.04,4.87,Hostel,Good,45.0
ST1558,3.45,77.44,57.48,73.37,56.01,75.47,6.94,Hostel,Good,42.05
ST1559,3.08,78.31,76.81,74.21,74.37,80.08,6.53,Cafeteria,Good,45.39
ST1560,3.69,79.71,58.33,95.41,50.35,51.4,6.85,Home,Good,43.85
ST1561,5.08,78.6,61.22,56.77,65.11,78.02,6.45,Hostel,Average,46.35
ST1562,5.77,90.25,55.73,71.67,78.35,58.72,7.15,Hostel,Average,47.71
ST1563,5.29,66.4,84.92,75.65,73.33,73.46,9.12,Library,Average,51.08
ST1564,3.9,89.76,76.23,63.16,76.49,65.82,6.64,Home,Average,45.03
ST1565,6.73,78.58,75.86,72.34,69.28,76.02,7.32,Cafeteria,Poor,51.95
ST1566,6.46,85.39,84.21,52.8,82.87,70.65,9.19,Home,Average,54.46
ST1567,4.93,71.86,98.0,88.92,80.17,25.98,6.39,Library,Average,47.5
ST1568,4.09,93.96,45.78,63.82,74.91,71.5,9.0,Library,Good,46.14
ST1569,6.13,93.21,58.4,96.38,80.2,77.99,7.01,Home,Poor,53.77
ST1570,5.52,90.64,59.99,71.61,78.25,75.24,8.96,Library,Average,51.26
ST1571,2.74,68.37,56.94,84.34,65.17,67.56,7.83,Home,Poor,42.36
ST1572,5.08,89.46,53.99,71.36,55.22,91.99,7.34,Library,Good,49.38
ST1573,5.65,85.64,64.1,71.63,74.62,73.36,6.93,Hostel,Good,48.79
ST1574,3.67,67.55,52.18,64.99,76.01,75.13,6.31,Home,Average,41.5
ST1575,5.52,81.78,72.36,73.43,82.0,83.62,7.08,Library,Average,52.34
ST1576,2.73,85.28,68.67,75.82,59.7,74.08,7.99,Home,Good,43.57
ST1577,7.47,87.0,74.25,62.59,60.03,56.43,6.99,Hostel,Good,50.43
ST1578,7.32,83.6,74.6,70.5,75.06,34.86,6.65,Cafeteria,Good,52.19
ST1579,4.77,84.62,75.84,64.68,69.22,62.32,6.72,Home,Average,45.85
ST1580,5.82,95.26,63.15,99.6,49.26,79.65,8.09,Library,Good,54.0
ST1581,1.1,93.03,95.57,70.92,74.13,64.06,8.35,Library,Good,46.17
ST1582,3.23,56.2,71.05,90.54,49.62,80.22,6.27,Library,Average,43.62
ST1583,4.7,79.14,43.79,69.65,59.6,71.08,6.26,Library,Good,44.13
ST1584,3.38,80.52,54.97,75.11,84.87,87.03,7.42,Library,Average,46.2
ST1585,6.41,66.23,45.37,56.14,90.07,64.87,8.68,Library,Good,49.47
ST1586,8.6,82.85,68.23,66.64,56.63,75.55,8.26,Home,Average,52.38
ST1587,3.2,93.24,66.42,74.53,66.38,76.08,5.62,Home,Poor,43.88
ST1588,3.78,72.22,61.91,91.03,70.47,90.02,6.71,Hostel,Good,45.05
ST1589,5.6,85.03,94.14,74.66,89.59,45.11,5.98,Home,Good,51.93
ST1590,7.94,73.76,75.14,88.6,64.58,62.58,6.71,Library,Average,55.37
ST1591,3.12,75.95,77.44,79.69,64.75,80.88,8.76,Home,Good,48.27
ST1592,5.62,95.3,55.9,91.53,87.04,90.64,5.44,Hostel,Average,50.7
ST1593,8.3,77.12,55.01,71.29,65.88,72.36,5.22,Library,Average,50.26
ST1594,2.39,86.16,68.48,100.0,77.94,64.9,6.09,Home,Good,44.68
ST1595,3.02,65.16,70.25,66.18,53.75,79.6,7.32,Home,Average,42.12
ST1596,4.48,98.76,43.87,62.8,68.12,81.16,7.68,Home,Average,43.06
ST1597,4.31,87.42,65.66,57.48,51.74,63.96,7.48,Cafeteria,Good,43.93
ST1598,6.58,80.36,68.18,99.97,58.39,73.62,8.29,Library,Average,54.13
ST1599,5.61,87.18,65.2,81.83,79.23,85.53,5.06,Library,Average,51.04
ST1600,2.18,69.31,57.43,67.99,69.45,95.47,8.31,Hostel,Average,43.0
ST1601,6.08,92.64,60.99,86.99,66.49,79.4,6.66,Home,Good,51.85
ST1602,4.22,79.08,65.7,80.25,61.76,69.62,7.8,Home,Average,45.4
ST1603,7.37,80.16,69.18,95.59,67.57,68.24,5.54,Home,Average,50.85
ST1604,4.13,77.58,75.86,53.43,73.31,76.8,7.01,Home,Good,46.8
ST1605,4.12,76.77,82.05,68.82,80.81,67.38,7.26,Library,Average,47.93
ST1606,6.12,88.25,64.17,66.45,41.12,71.65,8.27,Hostel,Average,47.09
ST1607,6.5,84.3,62.07,48.32,60.85,54.19,5.26,Hostel,Good,45.71
ST1608,5.96,87.87,73.69,84.72,71.75,87.16,7.03,Hostel,Good,55.38
ST1609,2.33,81.92,75.94,68.76,68.91,53.04,5.81,Library,Poor,40.91
ST1610,6.11,86.62,62.36,80.88,74.44,62.95,7.56,Home,Good,51.36
ST1611,3.44,78.23,78.28,100.0,72.94,70.37,7.85,Library,Good,48.85
ST1612,5.6,100.0,80.73,67.76,66.65,96.87,8.42,Cafeteria,Average,54.63
ST1613,2.78,67.89,84.79,66.95,64.2,63.08,6.41,Library,Good,44.01
ST1614,5.96,93.35,91.12,73.42,67.3,59.68,8.02,Library,Good,55.7
ST1615,3.83,94.31,56.74,83.85,82.64,61.29,8.5,Library,Good,47.95
ST1616,3.02,74.33,68.18,65.2,61.95,92.22,5.19,Hostel,Good,43.09
ST1617,6.41,100.0,68.15,64.43,69.31,29.63,7.67,Hostel,Good,49.51
ST1618,5.61,90.96,66.73,84.69,72.02,54.96,8.05,,Good,50.35
ST1619,4.16,90.74,59.56,76.54,87.16,100.0,6.72,Home,Good,49.34
ST1620,7.67,82.25,48.69,47.46,66.7,77.27,5.67,Home,Good,50.87
ST1621,4.45,80.04,69.2,57.3,80.55,53.52,8.04,Library,Good,45.98
ST1622,5.25,80.12,58.01,90.01,83.55,68.41,5.68,Home,Good,48.81
ST1623,5.66,85.51,69.12,76.82,69.3,69.94,6.8,Cafeteria,Good,50.42
ST1624,4.15,94.61,57.68,62.85,67.68,80.85,6.96,Library,Average,46.55
ST1625,6.0,83.63,53.7,69.96,66.38,94.75,7.79,Library,Average,50.66
ST1626,4.29,73.8,71.05,72.16,67.19,74.44,6.31,Home,Good,46.17
ST1627,4.5,89.42,69.96,80.83,79.4,61.44,6.25,Library,Average,48.3
ST1628,7.52,90.29,75.53,55.7,72.54,80.02,7.11,Library,Good,54.41
ST1629,3.43,87.89,96.42,61.91,72.59,59.22,8.11,Home,Good,50.66
ST1630,1.1,88.71,71.6,75.28,57.62,54.53,9.52,Hostel,Good,40.79
ST1631,7.94,79.56,74.31,70.8,59.36,44.36,5.34,Home,Average,50.12
ST1632,9.53,73.64,53.99,78.86,93.58,47.09,7.35,Home,Good,55.13
ST1633,4.51,74.19,51.27,57.25,68.04,56.45,5.8,Home,Average,40.1
ST1634,1.91,67.28,88.58,76.29,61.48,52.51,8.12,Library,Average,42.42
ST1635,4.67,84.13,55.99,85.1,85.74,73.39,5.97,Library,Poor,46.22
ST1636,4.71,81.25,54.43,77.84,73.1,52.21,6.26,Hostel,Average,43.63
ST1637,4.88,78.04,67.49,73.67,76.36,24.99,6.35,Home,Average,42.82
ST1638,3.31,55.4,66.83,70.85,68.48,54.39,6.92,Cafeteria,Good,42.33
ST1639,6.19,70.77,56.27,61.98,66.49,62.39,7.36,Library,Good,46.34
ST1640,6.09,92.09,64.04,71.14,68.13,60.52,7.53,Home,Average,48.58
ST1641,2.66,76.02,83.98,87.12,54.79,90.27,6.99,Home,Poor,44.79
ST1642,6.39,85.25,57.52,70.57,69.03,60.41,5.54,Home,Poor,47.81
ST1643,8.69,69.48,49.88,61.32,73.26,81.33,7.8,Hostel,Good,52.25
ST1644,5.49,94.95,80.25,66.09,90.36,68.73,6.94,Home,Good,53.47
ST1645,4.63,80.7,74.4,74.41,70.95,68.41,8.28,Library,Average,50.4
ST1646,4.96,84.61,59.93,67.52,44.32,57.3,6.22,Library,Average,43.03
ST1647,6.25,100.0,47.43,77.82,68.97,68.18,5.24,Hostel,Average,46.21
ST1648,2.26,95.65,58.32,78.27,100.0,58.29,6.96,Library,Good,44.19
ST1649,5.48,79.24,67.29,82.67,79.53,71.38,8.43,Hostel,Average,51.81
ST1650,4.54,76.66,83.15,89.08,61.08,65.69,7.18,Home,Poor,46.69
ST1651,8.34,79.07,54.52,83.95,76.5,55.78,6.78,Hostel,Average,52.58
ST1652,4.9,86.59,66.9,60.79,61.84,82.89,6.04,Home,Average,46.54
ST1653,8.04,81.05,76.78,61.16,55.11,74.98,8.93,Home,Average,54.49
ST1654,3.32,78.44,37.04,71.09,66.17,62.73,5.87,Cafeteria,Average,38.53
ST1655,6.2,95.2,81.44,66.59,71.01,71.04,6.2,Home,Good,51.59
ST1656,5.74,80.97,52.63,58.34,49.41,67.83,7.63,Home,Average,43.22
ST1657,3.72,100.0,72.32,66.7,57.36,56.85,4.96,Library,Average,44.41
ST1658,5.5,82.82,71.21,66.31,70.11,69.99,8.4,Home,Good,49.55
ST1659,7.26,98.07,82.1,63.94,65.51,60.31,7.69,Home,Average,50.85
ST1660,4.65,85.22,75.16,68.21,74.34,55.77,7.99,Library,Good,49.71
ST1661,2.32,90.67,37.1,86.14,56.64,46.28,7.61,Hostel,Good,36.71
ST1662,5.17,75.48,57.8,74.39,77.86,63.98,6.82,Hostel,Average,46.75
ST1663,3.67,74.32,69.8,100.0,56.98,76.94,5.83,Home,Good,47.58
ST1664,4.62,86.14,65.47,74.05,88.07,59.27,6.85,Library,Good,49.04
ST1665,5.06,90.9,74.21,68.52,51.13,100.0,5.93,Hostel,Good,50.76
ST1666,2.3,82.36,78.26,72.05,57.98,81.4,7.53,Home,Average,44.12
ST1667,2.45,70.42,75.91,75.08,74.59,87.26,7.89,Home,Average,47.13
ST1668,6.02,69.76,65.21,77.22,88.31,80.13,8.62,Home,Poor,50.62
ST1669,4.31,69.16,44.0,96.92,73.47,94.94,7.41,Library,Good,48.43
ST1670,0.84,66.09,62.08,61.86,76.19,57.98,8.02,Home,Good,38.16
ST1671,6.53,82.99,73.41,82.31,70.19,33.15,6.67,Library,Average,49.39
ST1672,5.66,92.13,53.82,74.49,58.71,62.75,6.47,Cafeteria,Average,47.0
ST1673,3.99,81.88,76.21,53.15,64.61,76.82,7.52,Home,Poor,44.53
ST1674,2.96,61.66,79.81,81.25,56.67,71.12,6.57,Library,Average,45.97
ST1675,6.62,80.28,69.65,87.21,55.93,72.86,7.3,Home,Good,53.97
ST1676,5.79,80.53,30.0,61.71,74.42,87.49,5.83,Home,Average,44.55
ST1677,9.25,100.0,51.38,71.89,57.65,74.35,6.03,Hostel,Good,54.76
ST1678,5.91,68.89,92.52,51.3,73.52,80.18,7.7,Home,Good,53.53
ST1679,5.86,78.48,60.9,56.89,55.68,55.85,7.98,Cafeteria,Good,44.45
ST1680,4.92,97.35,42.21,84.58,73.26,53.66,5.92,Library,Good,44.43
ST1681,6.59,86.05,84.06,66.4,64.62,91.6,7.74,Home,Poor,55.13
ST1682,6.26,87.07,68.17,58.69,85.47,70.41,6.41,Home,Good,51.29
ST1683,7.33,83.03,82.36,74.75,73.56,60.27,7.02,Home,Good,54.22
ST1684,4.31,84.97,71.6,65.73,83.59,60.3,8.56,Hostel,Average,47.79
ST1685,4.46,89.0,73.96,66.35,61.69,59.91,7.89,Library,Average,44.84
ST1686,4.39,74.71,72.72,80.87,70.62,59.07,7.88,Home,Average,46.65
ST1687,6.54,89.9,77.07,58.06,59.21,51.04,9.1,Library,Average,50.13
ST1688,7.75,69.64,97.61,61.14,65.45,47.99,6.23,Library,Average,54.03
ST1689,4.42,84.96,80.62,73.85,67.12,66.27,5.92,Hostel,Average,48.12
ST1690,4.48,83.61,47.46,83.63,62.02,60.7,6.21,Home,Good,44.0
ST1691,5.73,76.45,73.81,86.86,56.63,84.5,6.72,Home,Poor,50.18
ST1692,4.78,81.8,82.84,64.02,54.45,73.1,4.41,Home,Poor,43.48
ST1693,6.82,76.4,83.64,83.25,44.26,72.71,6.77,Home,Average,52.07
ST1694,1.37,72.35,62.45,62.59,58.38,58.6,6.4,Library,Average,37.33
ST1695,3.79,78.82,83.14,93.91,76.9,67.31,7.86,Home,Good,51.57
ST1696,3.87,72.06,80.06,58.39,52.42,74.05,7.39,Home,Average,46.28
ST1697,1.26,84.91,98.0,87.94,54.95,79.03,6.34,Home,Average,43.08
ST1698,3.56,71.65,58.25,64.12,89.7,67.69,7.65,Home,Average,43.67
ST1699,3.64,88.41,61.4,96.16,63.0,84.11,7.8,Hostel,Average,46.84
ST1700,4.86,71.37,64.02,79.1,73.53,69.11,6.15,Library,Good,47.95
ST1701,7.09,76.9,61.63,59.81,77.07,80.1,6.46,Home,Good,51.29
ST1702,4.78,76.38,56.43,65.73,77.29,62.14,4.55,Library,Average,43.66
ST1703,3.45,93.93,32.09,81.37,53.25,43.62,5.8,Home,Good,38.36
ST1704,5.1,84.97,62.35,84.63,67.46,72.76,6.18,Hostel,Average,46.61
ST1705,6.98,80.09,72.8,71.15,52.2,79.15,7.08,Library,Good,51.69
ST1706,3.54,86.49,61.59,72.54,96.91,77.05,5.96,Library,Good,47.08
ST1707,3.65,63.04,93.16,81.1,52.46,74.91,6.44,Hostel,Average,45.79
ST1708,6.15,81.61,68.17,73.58,58.47,64.12,5.65,Hostel,Good,46.94
ST1709,4.82,99.98,84.78,56.48,58.55,57.71,7.19,Hostel,Good,48.11
ST1710,6.3,83.19,71.4,62.24,53.54,76.72,7.47,Home,Average,49.13
ST1711,5.18,82.61,78.74,74.82,84.88,74.97,7.44,Home,Good,51.55
ST1712,6.39,86.93,71.63,86.59,96.65,61.15,7.01,Library,Good,56.27
ST1713,3.44,90.06,85.79,91.39,64.77,84.53,5.3,Library,Average,49.52
ST1714,5.18,64.02,68.73,81.35,55.48,56.64,6.32,Library,Good,47.13
ST1715,4.84,66.86,74.45,75.45,45.39,60.83,6.55,Hostel,Good,44.47
ST1716,3.13,83.89,72.76,80.99,67.31,91.91,6.56,Home,Average,46.77
ST1717,2.54,75.57,64.25,64.0,66.52,81.16,7.08,Home,Average,41.33
ST1718,6.37,93.81,73.26,70.16,62.84,63.99,8.57,Library,Good,53.03
ST1719,4.6,79.16,97.05,62.11,72.44,73.02,7.89,Home,Good,52.09
ST1720,3.46,64.59,64.48,57.02,74.35,71.17,5.91,Library,Average,41.89
ST1721,5.04,70.59,73.45,76.0,73.55,30.56,7.75,Hostel,Poor,45.0
ST1722,7.12,57.25,84.35,74.23,66.52,56.31,7.7,Library,Average,51.32
ST1723,1.32,79.89,82.82,80.25,57.88,68.29,6.11,Library,Good,43.32
ST1724,2.66,80.3,68.15,78.55,77.32,64.01,7.93,Library,Good,45.12
ST1725,3.63,78.18,37.02,74.91,70.14,72.46,6.82,Library,Poor,41.87
ST1726,7.68,91.71,74.72,78.68,79.77,84.81,5.45,Home,Good,56.79
ST1727,5.68,92.79,39.15,71.49,78.69,64.5,7.5,Hostel,Good,48.53
ST1728,6.5,80.47,87.11,76.95,54.36,54.19,7.24,Library,Average,50.45
ST1729,3.26,62.79,70.2,63.29,54.22,73.55,6.75,Home,Poor,39.01
ST1730,3.3,87.56,81.0,76.44,61.69,64.43,6.96,Library,Good,46.39
ST1731,5.96,87.0,56.27,80.02,58.38,66.82,6.21,Hostel,Poor,45.0
ST1732,5.3,84.78,47.82,63.96,78.31,64.92,7.67,Home,Average,44.38
ST1733,6.13,90.83,71.39,72.62,73.86,100.0,6.95,Hostel,Good,55.14
ST1734,4.88,71.52,67.56,64.52,82.09,37.63,7.18,Cafeteria,Good,44.89
ST1735,5.67,100.0,61.61,65.68,74.36,63.56,7.39,Hostel,Average,48.39
ST1736,5.47,73.37,69.1,58.5,72.3,68.95,5.73,Home,Good,46.47
ST1737,6.52,88.74,98.0,87.19,83.2,58.06,6.02,Library,Good,56.65
ST1738,6.57,66.81,78.85,84.79,75.17,81.6,4.57,Cafeteria,Poor,52.83
ST1739,2.45,73.63,81.64,78.45,70.75,80.39,7.62,Library,Average,45.87
ST1740,1.38,95.65,78.97,95.67,86.28,68.33,5.67,Home,Good,44.58
ST1741,6.9,79.65,87.23,69.73,71.27,65.21,7.15,Home,Good,54.71
ST1742,7.22,89.56,65.53,100.0,66.65,67.43,7.41,Hostel,Average,53.87
ST1743,3.46,84.13,41.29,69.27,60.78,67.53,7.66,Home,Good,42.98
ST1744,2.04,81.06,65.55,75.06,77.73,67.9,5.68,Home,Good,41.38
ST1745,5.37,94.27,78.55,67.23,83.61,66.37,6.93,Home,Good,52.5
ST1746,6.78,79.87,55.39,76.47,69.44,72.53,8.84,Hostel,Good,52.68
ST1747,8.26,65.97,65.71,82.03,84.39,79.54,8.89,Library,Poor,56.37
ST1748,6.08,74.77,59.01,70.63,48.33,51.78,8.09,Hostel,Average,44.28
ST1749,4.57,86.96,87.53,93.32,69.39,54.29,7.37,Hostel,Average,50.89
ST1750,3.68,85.56,77.74,74.87,69.56,44.52,5.89,Cafeteria,Good,44.94
ST1751,5.22,67.9,76.47,75.25,62.0,81.13,7.79,Hostel,Good,48.45
ST1752,4.69,75.48,76.08,61.09,96.22,72.5,6.83,Home,Good,48.69
ST1753,3.47,76.76,67.52,77.02,69.27,76.07,7.62,Library,Poor,43.16
ST1754,8.68,78.71,70.57,70.39,65.51,48.99,6.3,Home,Good,53.25
ST1755,8.23,69.62,52.59,64.7,70.29,93.99,6.81,Cafeteria,Average,52.13
ST1756,7.13,76.34,39.58,62.68,47.97,60.48,7.18,Home,Average,43.93
ST1757,3.63,75.44,69.95,100.0,61.64,71.35,7.27,Library,Average,45.7
ST1758,6.65,88.94,72.21,68.84,80.82,80.96,7.54,Hostel,Good,53.47
ST1759,6.29,89.28,83.72,54.52,63.08,55.18,6.36,Home,Average,48.46
ST1760,5.95,80.69,88.43,63.62,60.88,61.35,5.52,Hostel,Good,48.81
ST1761,7.32,78.47,88.41,71.38,84.4,71.51,8.79,Home,Good,57.9
ST1762,6.28,83.26,55.03,78.56,84.74,100.0,9.74,Home,Good,55.97
ST1763,6.46,74.65,63.42,78.66,75.69,73.22,7.49,Library,Poor,53.36
ST1764,6.28,71.68,74.24,80.12,64.99,91.49,5.54,Home,Good,51.94
ST1765,5.78,73.54,98.0,64.26,67.37,85.88,6.15,Library,Good,55.11
ST1766,2.17,76.29,87.24,76.09,61.15,74.15,7.56,Hostel,Average,43.64
ST1767,5.34,71.53,82.55,61.49,59.06,55.15,8.48,Home,Good,46.29
ST1768,4.25,83.46,62.96,64.56,58.51,83.84,5.67,Library,Good,45.46
ST1769,3.02,88.57,56.52,60.99,63.2,48.03,6.86,Hostel,Average,37.53
ST1770,8.06,67.72,78.26,57.74,58.62,91.41,7.22,Hostel,Average,53.79
ST1771,8.14,82.23,53.69,84.77,52.8,71.8,7.95,Home,Average,51.32
ST1772,7.51,80.02,64.9,80.26,72.41,31.9,6.62,Cafeteria,Poor,46.56
ST1773,5.63,85.07,66.51,83.72,72.58,64.23,5.28,Home,Good,50.68
ST1774,7.5,81.88,88.71,72.47,88.71,78.16,7.68,Library,Average,58.43
ST1775,5.22,68.92,63.39,81.32,62.65,65.68,8.24,Library,Average,46.25
ST1776,5.54,70.64,36.29,50.86,73.26,79.01,6.91,Hostel,Average,43.79
ST1777,3.34,82.26,74.56,82.36,73.44,57.1,7.45,Home,Average,44.77
ST1778,5.87,91.26,58.91,74.13,67.21,50.72,6.48,Home,Average,47.63
ST1779,5.3,62.07,68.55,79.53,78.19,68.0,6.07,Hostel,Good,47.28
ST1780,2.99,85.11,66.87,76.56,78.53,69.44,8.13,Home,Average,44.98
ST1781,35.0,92.71,64.44,60.16,73.6,64.12,7.43,Library,Average,48.41
ST1782,5.06,155.0,78.27,54.02,67.19,86.18,7.54,Hostel,Good,50.3
ST1783,8.26,86.95,-20.0,63.46,66.07,57.1,8.65,Library,Good,52.84
ST1784,6.72,75.67,61.28,78.78,54.95,73.38,5.84,Home,Average,48.21
ST1785,5.22,80.93,76.89,80.28,61.13,69.95,6.39,Home,Average,49.07
ST1786,5.62,67.41,60.02,55.58,63.16,47.21,7.17,Cafeteria,Poor,42.89
ST1787,5.28,60.9,47.09,60.23,57.64,50.53,6.38,Home,Poor,39.14
ST1788,4.86,90.48,76.69,63.32,74.84,69.17,7.86,Home,Average,49.12
ST1789,3.36,73.14,82.6,67.71,83.16,96.74,6.79,Home,Good,47.98
ST1790,4.94,77.9,67.42,55.66,60.01,77.11,5.91,Home,Good,46.03
ST1791,3.93,69.52,42.51,54.94,73.12,44.84,7.07,Cafeteria,Average,37.94
ST1792,3.07,69.31,77.18,62.14,58.62,25.45,7.19,Home,Good,38.73
ST1793,6.07,80.44,46.42,73.04,66.65,79.26,8.03,Home,Average,49.19
ST1794,5.87,75.43,72.01,57.83,62.41,67.65,7.43,Library,Average,47.07
ST1795,2.16,85.4,56.46,70.61,76.62,84.98,7.51,Home,Average,44.46
ST1796,4.99,86.07,52.92,84.7,62.53,56.67,7.35,Home,Average,45.19
ST1797,6.89,84.89,62.26,56.38,81.13,73.9,6.79,Cafeteria,Good,51.61
ST1798,7.0,84.15,65.62,69.52,67.3,80.85,6.21,Library,Average,51.8
ST1799,6.94,96.2,59.63,84.3,62.85,62.74,7.32,Home,Good,50.19
ST1800,5.27,72.39,75.65,66.98,56.21,63.03,6.63,Home,Average,45.78
ST1026,4.6,82.26,82.72,85.61,63.49,55.49,6.28,Home,Average,47.06
ST1119,7.92,94.27,75.88,78.66,82.49,59.11,7.31,Home,Average,55.49
ST1272,5.74,71.97,60.7,89.23,66.66,53.84,6.95,Library,Average,47.64
ST1456,5.47,76.34,75.58,90.9,73.83,100.0,5.62,Hostel,Average,53.83
ST1703,3.45,93.93,32.09,81.37,53.25,43.62,5.8,Home,Good,38.36
